{
  "name": "angular-messages",
  "version": "1.3.16",
  "main": "./angular-messages.js",
  "ignore": [],
  "dependencies": {
    "angular": "1.3.16"
  },
  "homepage": "https://github.com/angular/bower-angular-messages",
  "_release": "1.3.16",
  "_resolution": {
    "type": "version",
    "tag": "v1.3.16",
    "commit": "20ff2a58460c051f4f5ddf03ff84215e58fb278c"
  },
  "_source": "git://github.com/angular/bower-angular-messages.git",
  "_target": "~1.3.6",
  "_originalSource": "angular-messages"
}